Conta,Descricao,Saldo anterior, Debito , Credito ,Mov periodo,Saldo atual,Ok
1,ATIVO,"        2.121.135,25 D"," R$ 2,821,856.81 "," R$ 2,817,179.79 ","            4.677,02 D","        2.125.812,27 D",-
1.1,ATIVO CIRCULANTE,"        1.977.583,45 D"," R$ 2,821,856.81 "," R$ 2,815,374.01 ","            6.482,80 D","        1.984.066,25 D",-
1.1.1,DISPONÍVEL,"        1.811.156,12 D"," R$ 2,567,800.89 "," R$ 2,567,529.64 ","              271,25 D","        1.811.427,37 D",-
1.1.1.01,CAIXA,"              500,00 D", R$ -   , R$ -   ,-,"              500,00 D",-
1.1.1.01.001,FUNDO FIXO,"              500,00 D", R$ -   , R$ -   ,-,"              500,00 D",-
1.1.1.02,DEPÓSITOS BANCÁRIOS,"           32.177,15 D"," R$ 1,759,048.14 "," R$ 1,714,426.87 ","           44.621,27 D","           76.798,42 D",-
1.1.1.02.003,EA_BRADESCO C/C 4939-5,"           31.470,75 D"," R$ 830,210.71 "," R$ 860,180.15 ","           29.969,44 C","            1.501,31 D",-
1.1.1.02.004,EA_BANCO ITAÚ C/C 18696-4,"              706,40 D"," R$ 928,837.43 "," R$ 854,246.72 ","           74.590,71 D","           75.297,11 D",-
1.1.1.03,APLICAÇÕES FINANCEIRAS,"        1.778.478,97 D"," R$ 808,752.75 "," R$ 853,102.77 ","           44.350,02 C","        1.734.128,95 D",-
1.1.1.03.002,BRADESCO CDB,"          698.835,96 D"," R$ 80,210.82 "," R$ 779,046.78 ","          698.835,96 C",-,-
1.1.1.03.008,ITAU CDB,"        1.079.643,01 D"," R$ 728,541.93 "," R$ 74,055.99 ","          654.485,94 D","        1.734.128,95 D",-
1.1.2,CRÉDITOS,"          166.427,33 D"," R$ 254,055.92 "," R$ 247,844.37 ","            6.211,55 D","          172.638,88 D",-
1.1.2.01,ADIANTAMENTOS,"           14.658,85 D"," R$ 19,645.82 "," R$ 18,923.90 ","              721,92 D","           15.380,77 D",-
1.1.2.01.001,ADIANTAMENTOS A FORNECEDORES,"           17.155,23 D"," R$ 8,281.92 "," R$ 7,560.00 ","              721,92 D","           17.877,15 D",-
1.1.2.01.003,ADIANTAMENTO DE FÉRIAS,"            2.496,38 C"," R$ 11,363.90 "," R$ 11,363.90 ",-,"            2.496,38 C",-
1.1.2.02,DUPLICATAS A RECEBER,-," R$ 211,767.20 "," R$ 211,767.20 ",-,-,-
1.1.2.02.001,DUPLICATAS A RECEBER,-," R$ 211,767.20 "," R$ 211,767.20 ",-,-,-
1.1.2.03,TRIBUTOS A RECUPERAR/COMPENSAR,"          108.268,61 D"," R$ 22,642.90 "," R$ 16,626.17 ","            6.016,73 D","          114.285,34 D",-
1.1.2.03.001,IMPOSTO DE RENDA RETIDO NA FONTE (IRRF),"           22.235,65 D"," R$ 3,320.87 ", R$ -   ,"            3.320,87 D","           25.556,52 D",-
1.1.2.03.003,IRPJ SALDO NEGATIVO,"           13.524,76 D", R$ -   , R$ -   ,-,"           13.524,76 D",-
1.1.2.03.004,CSLL RETIDA NA FONTE,"           12.989,01 D"," R$ 2,213.93 ", R$ -   ,"            2.213,93 D","           15.202,94 D",-
1.1.2.03.006,CSLL SALDO NEGATIVO,"           29.709,59 D", R$ -   , R$ -   ,-,"           29.709,59 D",-
1.1.2.03.007,PIS/PASEP RETIDO NA FONTE,-," R$ 1,439.06 "," R$ 1,439.06 ",-,-,-
1.1.2.03.008,PIS/PASEP A COMPENSAR,"            4.531,20 D", R$ 399.73 , R$ 399.73 ,-,"            4.531,20 D",-
1.1.2.03.009,COFINS RETIDA NA FONTE,-," R$ 6,641.77 "," R$ 6,641.77 ",-,-,-
1.1.2.03.010,COFINS A COMPENSAR,"           20.915,26 D"," R$ 1,841.23 "," R$ 1,841.23 ",-,"           20.915,26 D",-
1.1.2.03.013,CONTRIBUIÇÃO PREVIDENCIÁRIA RETIDA NA PR,-," R$ 6,304.38 "," R$ 6,304.38 ",-,-,-
1.1.2.03.016,IR RET APLICACAO FINAN,"            3.856,27 D", R$ 481.93 , R$ -   ,"              481,93 D","            4.338,20 D",-
1.1.2.03.018,IRPJ A COMPENSAR,"              506,87 D", R$ -   , R$ -   ,-,"              506,87 D",-
1.1.2.04,OUTROS CRÉDITOS,"           43.499,87 D", R$ -   , R$ 527.10 ,"              527,10 C","           42.972,77 D",-
1.1.2.04.003,PRÊMIOS DE SEGUROS A APROPRIAR,"            2.151,68 D", R$ -   , R$ 527.10 ,"              527,10 C","            1.624,58 D",-
1.1.2.04.005,CONTRATOS DE MUTUOS,"           40.000,00 D", R$ -   , R$ -   ,-,"           40.000,00 D",-
1.1.2.04.007,OUTRAS DESPESAS ANTECIPADAS,"            1.348,19 D", R$ -   , R$ -   ,-,"            1.348,19 D",-
1.2,ATIVO NÃO-CIRCULANTE,"          143.551,80 D", R$ -   ," R$ 1,805.78 ","            1.805,78 C","          141.746,02 D",-
1.2.2,INVESTIMENTOS,"           62.732,51 D", R$ -   , R$ -   ,-,"           62.732,51 D",-
1.2.2.02,INCENTIVOS FISCAIS,"           62.732,51 D", R$ -   , R$ -   ,-,"           62.732,51 D",-
1.2.2.02.002,FINOR,"           62.732,51 D", R$ -   , R$ -   ,-,"           62.732,51 D",-
1.2.3,IMOBILIZADO,"           78.508,07 D", R$ -   ," R$ 1,649.99 ","            1.649,99 C","           76.858,08 D",-
1.2.3.01,IMOBILIZADO,"          161.110,56 D", R$ -   , R$ -   ,-,"          161.110,56 D",-
1.2.3.01.001,INSTALAÇÕES,"            9.160,00 D", R$ -   , R$ -   ,-,"            9.160,00 D",-
1.2.3.01.002,MÓVEIS E UTENSÍLIOS,"           35.362,29 D", R$ -   , R$ -   ,-,"           35.362,29 D",-
1.2.3.01.004,EQUIPAMENTOS DE INFORMÁTICA,"           41.898,27 D", R$ -   , R$ -   ,-,"           41.898,27 D",-
1.2.3.01.008,VEICULOS,"           74.690,00 D", R$ -   , R$ -   ,-,"           74.690,00 D",-
1.2.3.02,DEPRECIACAO,"           82.602,49 C", R$ -   ," R$ 1,649.99 ","            1.649,99 C","           84.252,48 C",-
1.2.3.02.001,DEPRECIACAO - INSTALACOES,"            9.160,00 C", R$ -   , R$ -   ,-,"            9.160,00 C",-
1.2.3.02.002,DEPRECIACAO - MOVEIS E UENSILIOS,"           30.698,99 C", R$ -   , R$ 254.40 ,"              254,40 C","           30.953,39 C",-
1.2.3.02.004,DEPRECIACAO - EQUIP. DE INFORMATICA,"           29.174,85 C", R$ -   , R$ 150.76 ,"              150,76 C","           29.325,61 C",-
1.2.3.02.007,DEPRECIACAO - VEICULOS,"           13.568,65 C", R$ -   ," R$ 1,244.83 ","            1.244,83 C","           14.813,48 C",-
1.2.4,INTANGÍVEL,"            2.311,22 D", R$ -   , R$ 155.79 ,"              155,79 C","            2.155,43 D",-
1.2.4.01,"MARCAS, DIREITOS E PATENTES","            2.311,22 D", R$ -   , R$ 155.79 ,"              155,79 C","            2.155,43 D",-
1.2.4.01.001,DIREITO USO SOFTWARE – MXM,"            4.157,06 D", R$ -   , R$ -   ,-,"            4.157,06 D",-
1.2.4.01.002,DIREITO USO DE SOFTWARE - OUTROS,"            8.239,00 D", R$ -   , R$ -   ,-,"            8.239,00 D",-
1.2.4.01.003,AMORTIZAÇÃO ACUMULADA INTANGÍVEL,"           10.084,84 C", R$ -   , R$ 155.79 ,"              155,79 C","           10.240,63 C",-
2,PASSIVO,"        2.191.907,45 C"," R$ 245,713.44 "," R$ 284,000.30 ","           38.286,86 C","        2.230.194,31 C",-
2.1,PASSIVO CIRCULANTE,"          433.331,89 C"," R$ 245,713.44 "," R$ 284,000.30 ","           38.286,86 C","          471.618,75 C",-
2.1.1,OBRIGAÇÕES DO CIRCULANTE,"          433.331,89 C"," R$ 245,713.44 "," R$ 284,000.30 ","           38.286,86 C","          471.618,75 C",-
2.1.1.01,BENEFÍCIOS E ENCARGOS SOCIAIS,"           83.116,31 C"," R$ 77,386.36 "," R$ 113,919.95 ","           36.533,59 C","          119.649,90 C",-
2.1.1.01.001,SALÁRIOS E ORDENADOS A PAGAR,-," R$ 51,844.49 "," R$ 51,844.49 ",-,-,-
2.1.1.01.002,PRO-LABORE A PAGAR,-," R$ 4,530.59 "," R$ 4,530.59 ",-,-,-
2.1.1.01.006,INSS A RECOLHER,"           46.135,76 C"," R$ 10,517.74 "," R$ 30,974.38 ","           20.456,64 C","           66.592,40 C",-
2.1.1.01.007,FGTS A RECOLHER,"           26.487,01 C", R$ -   ," R$ 6,535.39 ","            6.535,39 C","           33.022,40 C",-
2.1.1.01.015,RESCISÕES A PAGAR,-, R$ -   ," R$ 9,997.77 ","            9.997,77 C","            9.997,77 C",-
2.1.1.01.016,IRRF S/ SALARIO  A RECOLHER,"           10.493,54 C"," R$ 10,493.54 "," R$ 10,037.33 ","              456,21 D","           10.037,33 C",-
2.1.1.02,FORNECEDORES,"           33.697,01 C"," R$ 110,282.98 "," R$ 108,978.27 ","            1.304,71 D","           32.392,30 C",-
2.1.1.02.001,FORNECEDORES,"           33.697,01 C"," R$ 110,282.98 "," R$ 108,978.27 ","            1.304,71 D","           32.392,30 C",-
2.1.1.03,EMPRÉSTIMOS E FINANCIAMENTOS,"            7.772,56 C", R$ -   , R$ -   ,-,"            7.772,56 C",-
2.1.1.03.003,FINANCIAMENTOS,"            7.772,56 C", R$ -   , R$ -   ,-,"            7.772,56 C",-
2.1.1.04,OBRIGAÇÕES FISCAIS,"           48.046,82 C"," R$ 23,575.95 "," R$ 35,381.72 ","           11.805,77 C","           59.852,59 C",-
2.1.1.04.001,COFINS - COD. 5856,"           24.421,17 C"," R$ 8,483.00 "," R$ 16,825.83 ","            8.342,83 C","           32.764,00 C",-
2.1.1.04.007,IRRF - RETIDO A RECOLHER,"            2.853,10 C"," R$ 1,239.67 "," R$ 1,203.14 ","               36,53 D","            2.816,57 C",Ok
2.1.1.04.012,ISS,"            9.275,21 C"," R$ 9,275.11 "," R$ 11,069.62 ","            1.794,51 C","           11.069,72 C",Ok
2.1.1.04.013,ISS RETIDO A RECOLHER,"              199,94 C", R$ 199.92 , R$ 175.86 ,"               24,06 D","              175,88 C",Ok
2.1.1.04.014,PIS - COD. 6912,"            5.309,58 C"," R$ 1,838.79 "," R$ 3,652.97 ","            1.814,18 C","            7.123,76 C",-
2.1.1.04.015,PIS/COFINS/CSLL - COD. 5952 - A RECOLHER,"            5.193,94 C"," R$ 2,163.03 "," R$ 2,077.87 ","               85,16 D","            5.108,78 C",Ok
2.1.1.04.017,PIS - COD 5434,"              141,61 C", R$ 67.15 , R$ 67.15 ,-,"              141,61 C",Ok
2.1.1.04.018,COFINS - COD 5442,"              652,27 C", R$ 309.28 , R$ 309.28 ,-,"              652,27 C",Ok
2.1.1.05,PROVISÕES,"          260.600,19 C"," R$ 34,468.15 "," R$ 25,720.36 ","            8.747,79 D","          251.852,40 C",-
2.1.1.05.001,PROV. 13º SALARIO,"           45.149,33 C"," R$ 1,362.92 "," R$ 9,100.93 ","            7.738,01 C","           52.887,34 C",-
2.1.1.05.004,PROV. FÉRIAS,"          148.004,64 C"," R$ 24,898.34 "," R$ 10,620.56 ","           14.277,78 D","          133.726,86 C",-
2.1.1.05.005,PROV. FGTS S/ 13º SALARIO,"            3.597,42 C", R$ 109.03 , R$ 718.04 ,"              609,01 C","            4.206,43 C",-
2.1.1.05.006,PROV. FGTS S/ FÉRIAS,"           11.929,95 C"," R$ 1,850.85 ", R$ 704.73 ,"            1.146,12 D","           10.783,83 C",-
2.1.1.05.007,PROV. INSS S/ 13º SALARIO,"           11.541,76 C", R$ 348.22 ," R$ 2,325.28 ","            1.977,06 C","           13.518,82 C",-
2.1.1.05.008,PROV. INSS S/ FÉRIAS,"           40.377,09 C"," R$ 5,898.79 "," R$ 2,250.82 ","            3.647,97 D","           36.729,12 C",-
2.1.1.06,OUTRAS OBRIGAÇÕES,"               99,00 C", R$ -   , R$ -   ,-,"               99,00 C",-
2.1.1.06.004,CONTAS A PAGAR INTERCOMPANY,"               99,00 C", R$ -   , R$ -   ,-,"               99,00 C",-
2.2,PASSIVO NÃO-CIRCULANTE,"           10.363,34 C", R$ -   , R$ -   ,-,"           10.363,34 C",-
2.2.1,PASSIVO EXIGÍVEL A LONGO PRAZO,"           10.363,34 C", R$ -   , R$ -   ,-,"           10.363,34 C",-
2.2.1.01,OBRIGAÇÕES A LONGO PRAZO,"           10.363,34 C", R$ -   , R$ -   ,-,"           10.363,34 C",-
2.2.1.01.001,EMPRÉSTIMOS E FINANCIAMENTOS - LP,"           10.363,34 C", R$ -   , R$ -   ,-,"           10.363,34 C",-
2.3,PATRIMÔNIO LÍQUIDO,"        1.748.212,22 C", R$ -   , R$ -   ,-,"        1.748.212,22 C",-
2.3.1,CAPITAL SOCIAL,"           16.200,00 C", R$ -   , R$ -   ,-,"           16.200,00 C",-
2.3.1.01,CAPITAL SUBSCRITO,"           16.200,00 C", R$ -   , R$ -   ,-,"           16.200,00 C",-
2.3.1.01.001,CAPITAL SOCIAL SUBSCRITO,"           16.200,00 C", R$ -   , R$ -   ,-,"           16.200,00 C",-
2.3.2,RESERVAS,"        1.882.012,22 C", R$ -   , R$ -   ,-,"        1.882.012,22 C",-
2.3.2.01,RESERVAS DE CAPITAL,"           55.212,71 C", R$ -   , R$ -   ,-,"           55.212,71 C",-
2.3.2.01.002,DOAÇÕES E SUBVENÇÕES PARA INVESTIMENTOS,"           51.573,87 C", R$ -   , R$ -   ,-,"           51.573,87 C",-
2.3.2.01.004,RESERVA DE CORR. MONETÁRIA,"            3.638,84 C", R$ -   , R$ -   ,-,"            3.638,84 C",-
2.3.2.03,RESERVAS DE LUCROS,"        1.826.799,51 C", R$ -   , R$ -   ,-,"        1.826.799,51 C",-
2.3.2.03.002,RESERVA PARA CONTINGÊNCIAS,"          395.217,14 C", R$ -   , R$ -   ,-,"          395.217,14 C",-
2.3.2.03.003,RESERVA DE LUCROS A REALIZAR,"        1.431.582,37 C", R$ -   , R$ -   ,-,"        1.431.582,37 C",-
2.3.3,LUCROS OU PREJUÍZOS ACUMULADOS,"          150.000,00 D", R$ -   , R$ -   ,-,"          150.000,00 D",-
2.3.3.02,LUCROS DISTRIBUIDOS,"          150.000,00 D", R$ -   , R$ -   ,-,"          150.000,00 D",-
2.3.3.02.001,JOÃO CARLOS MOREIRA PENNA,"            1.500,00 D", R$ -   , R$ -   ,-,"            1.500,00 D",-
2.3.3.02.002,ELIANA MOREIRA PENNA,"            1.500,00 D", R$ -   , R$ -   ,-,"            1.500,00 D",-
2.3.3.02.003,LUCIANA MOREIRA PENNA,"            1.500,00 D", R$ -   , R$ -   ,-,"            1.500,00 D",-
2.3.3.02.004,JOÃO CARLOS MOREIRA PENNA FILHO,"            1.500,00 D", R$ -   , R$ -   ,-,"            1.500,00 D",-
2.3.3.02.007,ENGEPRED SERV.ENGENHARIA E GERENCIAMENTO,"          144.000,00 D", R$ -   , R$ -   ,-,"          144.000,00 D",-
3,CONTAS DE RESULTADOS - CUSTOS E DESPESAS,"        1.736.285,59 D"," R$ 269,572.93 "," R$ 42,371.61 ","          227.201,32 D","        1.963.486,91 D",-
3.1,CUSTO,"          425.143,05 D"," R$ 60,161.76 "," R$ 10,111.12 ","           50.050,64 D","          475.193,69 D",-
3.1.1,CUSTO DOS SERVIÇOS VENDIDOS,"          425.143,05 D"," R$ 60,161.76 "," R$ 10,111.12 ","           50.050,64 D","          475.193,69 D",-
3.1.1.01,MÃO DE OBRA DIRETA,"          412.739,95 D"," R$ 57,037.94 "," R$ 10,111.12 ","           46.926,82 D","          459.666,77 D",-
3.1.1.01.001,SALÁRIOS,"          196.366,34 D"," R$ 28,722.77 "," R$ 8,781.15 ","           19.941,62 D","          216.307,96 D",-
3.1.1.01.003,FÉRIAS,"           33.019,74 C"," R$ 3,117.10 ", R$ -   ,"            3.117,10 D","           29.902,64 C",-
3.1.1.01.004,13° SALÁRIO,"           20.536,85 D"," R$ 2,521.18 ", R$ -   ,"            2.521,18 D","           23.058,03 D",-
3.1.1.01.005,INSS,"           49.995,70 D"," R$ 6,926.91 ", R$ -   ,"            6.926,91 D","           56.922,61 D",-
3.1.1.01.006,FGTS,"           47.830,10 D"," R$ 2,168.89 ", R$ -   ,"            2.168,89 D","           49.998,99 D",-
3.1.1.01.007,VALE-ALIMENTAÇÃO,"            5.435,00 D"," R$ 1,385.00 ", R$ 42.00 ,"            1.343,00 D","            6.778,00 D",-
3.1.1.01.008,VALE-REFEIÇÃO,"            6.416,00 D"," R$ 1,580.00 ", R$ 63.00 ,"            1.517,00 D","            7.933,00 D",-
3.1.1.01.009,VALE-TRANSPORTE,"            1.243,62 D", R$ -   , R$ -   ,-,"            1.243,62 D",-
3.1.1.01.010,ASSISTENCIA MÉDICA,"           18.767,12 D"," R$ 9,007.84 "," R$ 1,224.97 ","            7.782,87 D","           26.549,99 D",-
3.1.1.01.011,SEGURO DE VIDA EM GRUPO,"            1.048,55 D", R$ 77.01 , R$ -   ,"               77,01 D","            1.125,56 D",-
3.1.1.01.013,VALE-COMBUSTIVEL,"            1.437,63 D", R$ -   , R$ -   ,-,"            1.437,63 D",-
3.1.1.01.014,GRATIFICAÇÃO,"            2.500,00 D", R$ 500.00 , R$ -   ,"              500,00 D","            3.000,00 D",-
3.1.1.01.015,ADICIONAL NOTURNO,"               10,37 D", R$ -   , R$ -   ,-,"               10,37 D",-
3.1.1.01.016,HORA-EXTRA,"           16.612,65 D", R$ -   , R$ -   ,-,"           16.612,65 D",-
3.1.1.01.019,QUINQUENIO,"            4.763,90 D"," R$ 1,031.24 ", R$ -   ,"            1.031,24 D","            5.795,14 D",-
3.1.1.01.023,INDENIZAÇÕES TRABALHISTAS,"           72.453,57 D", R$ -   , R$ -   ,-,"           72.453,57 D",-
3.1.1.01.024,MÉDICO DE TRABALHO,"              342,29 D", R$ -   , R$ -   ,-,"              342,29 D",-
3.1.1.02,SERVIÇOS RELACIONADOS A OPERAÇÃO,"           12.403,10 D"," R$ 3,123.82 ", R$ -   ,"            3.123,82 D","           15.526,92 D",-
3.1.1.02.008,SISTEMAS INFORMATIZADOS,"           12.198,94 D"," R$ 3,123.82 ", R$ -   ,"            3.123,82 D","           15.322,76 D",-
3.1.1.02.013,CONDUÇÃO,"               30,54 D", R$ -   , R$ -   ,-,"               30,54 D",-
3.1.1.02.016,SERVICOS PRESTADOS - PJ,"              173,62 D", R$ -   , R$ -   ,-,"              173,62 D",-
3.2,DESPESAS,"        1.284.971,64 D"," R$ 209,411.17 "," R$ 32,260.49 ","          177.150,68 D","        1.462.122,32 D",-
3.2.1,DESPESAS OPERACIONAIS E ADMINISTRATIVAS,"        1.281.392,28 D"," R$ 208,817.80 "," R$ 32,260.49 ","          176.557,31 D","        1.457.949,59 D",-
3.2.1.01,MÃO DE OBRA INDIRETA,"          840.483,72 D"," R$ 136,663.87 "," R$ 32,260.49 ","          104.403,38 D","          944.887,10 D",-
3.2.1.01.001,SALÁRIOS,"          311.770,97 D"," R$ 56,457.72 "," R$ 15,338.85 ","           41.118,87 D","          352.889,84 D",-
3.2.1.01.002,PRO LABORE,"           32.500,00 D"," R$ 6,500.00 ", R$ -   ,"            6.500,00 D","           39.000,00 D",-
3.2.1.01.003,FÉRIAS,"           76.323,95 D"," R$ 6,301.60 "," R$ 3,575.76 ","            2.725,84 D","           79.049,79 D",-
3.2.1.01.004,13° SALÁRIO,"           30.569,84 D"," R$ 8,084.75 "," R$ 1,362.92 ","            6.721,83 D","           37.291,67 D",-
3.2.1.01.005,INSS,"          123.721,76 D"," R$ 21,350.55 "," R$ 6,301.01 ","           15.049,54 D","          138.771,30 D",-
3.2.1.01.006,FGTS,"           40.639,64 D"," R$ 5,789.27 "," R$ 1,959.88 ","            3.829,39 D","           44.469,03 D",-
3.2.1.01.007,VALE-ALIMENTAÇÃO,"            8.994,50 D"," R$ 1,925.00 ", R$ 84.00 ,"            1.841,00 D","           10.835,50 D",-
3.2.1.01.008,VALE-REFEIÇÃO,"           22.976,50 D"," R$ 2,670.00 ", R$ 177.50 ,"            2.492,50 D","           25.469,00 D",-
3.2.1.01.009,VALE-TRANSPORTE,"            5.953,38 D", R$ 199.10 , R$ -   ,"              199,10 D","            6.152,48 D",-
3.2.1.01.010,ASSISTENCIA MÉDICA,"          119.596,09 D"," R$ 17,985.05 "," R$ 3,460.57 ","           14.524,48 D","          134.120,57 D",-
3.2.1.01.011,SEGURO DE VIDA EM GRUPO,"            1.798,66 D", R$ 352.28 , R$ -   ,"              352,28 D","            2.150,94 D",-
3.2.1.01.014,GRATIFICAÇÃO,"           24.883,75 D"," R$ 2,968.44 ", R$ -   ,"            2.968,44 D","           27.852,19 D",-
3.2.1.01.017,HORA-EXTRA,"            1.314,96 D", R$ 853.49 , R$ -   ,"              853,49 D","            2.168,45 D",-
3.2.1.01.019,PREMIOS DE PARTICIPAÇÃO,"            1.495,53 D", R$ -   , R$ -   ,-,"            1.495,53 D",-
3.2.1.01.020,QUINQUENIO,"            9.887,42 D"," R$ 2,216.62 ", R$ -   ,"            2.216,62 D","           12.104,04 D",-
3.2.1.01.024,INDENIZAÇÕES TRABALHISTAS,"           27.188,53 D"," R$ 3,010.00 ", R$ -   ,"            3.010,00 D","           30.198,53 D",-
3.2.1.01.025,MÉDICO DE TRABALHO,"              868,24 D", R$ -   , R$ -   ,-,"              868,24 D",-
3.2.1.02,DESPESAS ADMINISTRATIVAS,"          409.156,24 D"," R$ 69,061.72 ", R$ -   ,"           69.061,72 D","          478.217,96 D",-
3.2.1.02.001,ALUGUEL,"            6.478,67 D"," R$ 6,209.21 ", R$ -   ,"            6.209,21 D","           12.687,88 D",-
3.2.1.02.003,ASSINATURAS E ANUÁRIOS,"            7.317,50 D", R$ 867.50 , R$ -   ,"              867,50 D","            8.185,00 D",-
3.2.1.02.004,AUDITORIA,"            9.517,50 D"," R$ 1,417.50 ", R$ -   ,"            1.417,50 D","           10.935,00 D",-
3.2.1.02.008,CONDUÇÃO,"              765,89 D", R$ 420.08 , R$ -   ,"              420,08 D","            1.185,97 D",-
3.2.1.02.010,CORREIOS,"               18,15 D", R$ -   , R$ -   ,-,"               18,15 D",-
3.2.1.02.012,INTERNET/HOSPEDAGEM,"               12,26 D", R$ -   , R$ -   ,-,"               12,26 D",-
3.2.1.02.013,"MATERIAL DE COPA, COZINHA E REFEITÓRIO","              329,40 D", R$ -   , R$ -   ,-,"              329,40 D",-
3.2.1.02.014,MATERIAL DE ESCRITÓRIO,"            1.180,00 D", R$ -   , R$ -   ,-,"            1.180,00 D",-
3.2.1.02.015,MATERIAL DE HIGIENE E LIMPEZA,-, R$ 85.30 , R$ -   ,"               85,30 D","               85,30 D",-
3.2.1.02.019,REFEIÇÕES,"            1.714,89 D", R$ -   , R$ -   ,-,"            1.714,89 D",-
3.2.1.02.020,SEGUROS,"            2.548,20 D", R$ 527.10 , R$ -   ,"              527,10 D","            3.075,30 D",-
3.2.1.02.021,SERVIÇOS ADVOCATÍCIOS,"            2.437,50 D", R$ 307.50 , R$ -   ,"              307,50 D","            2.745,00 D",-
3.2.1.02.022,SERVIÇOS CONTÁBEIS,"           20.704,98 D"," R$ 3,870.02 ", R$ -   ,"            3.870,02 D","           24.575,00 D",-
3.2.1.02.024,SERVIÇOS PRESTADOS - PJ,"          288.596,39 D"," R$ 41,658.64 ", R$ -   ,"           41.658,64 D","          330.255,03 D",-
3.2.1.02.025,SERVIÇOS DE SUPORTE EM TI,"           21.864,24 D"," R$ 5,074.50 ", R$ -   ,"            5.074,50 D","           26.938,74 D",-
3.2.1.02.026,SISTEMAS INFORMATIZADOS,"           45.670,67 D"," R$ 8,624.37 ", R$ -   ,"            8.624,37 D","           54.295,04 D",-
3.2.1.04,INTELIGÊNCIA COMERCIAL,"           11.248,20 D", R$ -   , R$ -   ,-,"           11.248,20 D",-
3.2.1.04.001,ASSOCIAÇÕES DE CLASSES,"            1.554,00 D", R$ -   , R$ -   ,-,"            1.554,00 D",-
3.2.1.04.003,CAMPANHAS INTERNET,"            3.864,20 D", R$ -   , R$ -   ,-,"            3.864,20 D",-
3.2.1.04.007,MATERIAL IMPRESSO,"               80,00 D", R$ -   , R$ -   ,-,"               80,00 D",-
3.2.1.04.011,SERVIÇOS PRESTADOS - PJ,"            5.750,00 D", R$ -   , R$ -   ,-,"            5.750,00 D",-
3.2.1.05,"DEMAIS IMPOSTOS, TAXAS E CONTRIBUIÇÕES","            8.567,03 D"," R$ 1,286.43 ", R$ -   ,"            1.286,43 D","            9.853,46 D",-
3.2.1.05.002,IPVA,"            2.719,02 D", R$ -   , R$ -   ,-,"            2.719,02 D",-
3.2.1.05.006,CONTRIBUIÇÃO SINDICAL,"            2.022,04 D", R$ 910.00 , R$ -   ,"              910,00 D","            2.932,04 D",-
3.2.1.05.007,OUTRAS TAXAS,"            3.825,97 D", R$ 376.43 , R$ -   ,"              376,43 D","            4.202,40 D",-
3.2.1.06,DEPRECIAÇÕES E AMORTIZACÕES,"            9.027,73 D"," R$ 1,805.78 ", R$ -   ,"            1.805,78 D","           10.833,51 D",-
3.2.1.06.001,DEPRECIAÇÃO,"            8.248,78 D"," R$ 1,649.99 ", R$ -   ,"            1.649,99 D","            9.898,77 D",-
3.2.1.06.002,AMORTIZAÇÃO,"              778,95 D", R$ 155.79 , R$ -   ,"              155,79 D","              934,74 D",-
3.2.1.07,DESPESAS NÃO DEDUTIVEIS,"            2.909,36 D", R$ -   , R$ -   ,-,"            2.909,36 D",-
3.2.1.07.004,BRINDES,"              300,00 D", R$ -   , R$ -   ,-,"              300,00 D",-
3.2.1.07.005,TAXAS DIVERSAS,"              414,26 D", R$ -   , R$ -   ,-,"              414,26 D",-
3.2.1.07.006,DESPESAS DIVERSAS,"            2.195,10 D", R$ -   , R$ -   ,-,"            2.195,10 D",-
3.2.2,DESPESAS FINANCEIRAS,"            3.579,36 D", R$ 593.37 , R$ -   ,"              593,37 D","            4.172,73 D",-
3.2.2.01,DESPESAS FINANCEIRAS,"            3.579,36 D", R$ 593.37 , R$ -   ,"              593,37 D","            4.172,73 D",-
3.2.2.01.001,DESPESAS BANCÁRIAS,"            1.684,81 D", R$ 357.33 , R$ -   ,"              357,33 D","            2.042,14 D",-
3.2.2.01.002,JUROS PAGOS S/ TÍTULOS,"              667,65 D", R$ 0.17 , R$ -   ,"                0,17 D","              667,82 D",-
3.2.2.01.003,JUROS PAGOS S/ TRIBUTOS,"               13,86 D", R$ -   , R$ -   ,-,"               13,86 D",-
3.2.2.01.004,IOF,"            1.121,24 D", R$ 235.87 , R$ -   ,"              235,87 D","            1.357,11 D",-
3.2.2.01.005,VARIAÇÃO CAMBIAL PASSIVA,"               91,80 D", R$ -   , R$ -   ,-,"               91,80 D",-
3.3,IMPOSTOS E CONTRIBUIÇÕES,"           26.170,90 D", R$ -   , R$ -   ,-,"           26.170,90 D",-
3.3.1,IMPOSTOS E CONTRIBUIÇÕES,"           26.170,90 D", R$ -   , R$ -   ,-,"           26.170,90 D",-
3.3.1.01,IMPOSTO E RENDA E CONTRIBUIÇÃO SOCIAL,"           26.170,90 D", R$ -   , R$ -   ,-,"           26.170,90 D",-
3.3.1.01.001,IRPJ,"           17.655,08 D", R$ -   , R$ -   ,-,"           17.655,08 D",-
3.3.1.01.002,CSLL,"            8.515,82 D", R$ -   , R$ -   ,-,"            8.515,82 D",-
4,CONTAS DE RESULTADO - RECEITAS,"        1.665.513,39 C"," R$ 31,548.42 "," R$ 225,139.90 ","          193.591,48 C","        1.859.104,87 C",-
4.1,RECEITAS OPERACIONAIS,"        1.657.732,97 C"," R$ 31,548.42 "," R$ 221,392.45 ","          189.844,03 C","        1.847.577,00 C",-
4.1.1,RECEITA BRUTA DE VENDAS E SERVIÇOS,"        1.933.807,07 C", R$ -   ," R$ 221,392.45 ","          221.392,45 C","        2.155.199,52 C",-
4.1.1.01,RECEITA DE PRESTAÇÃO DE SERVIÇOS,"        1.933.807,07 C", R$ -   ," R$ 221,392.45 ","          221.392,45 C","        2.155.199,52 C",-
4.1.1.01.002,ADMINISTRACAO IMOBILIARIA,"        1.351.827,42 C", R$ -   ," R$ 166,371.65 ","          166.371,65 C","        1.518.199,07 C",-
4.1.1.01.004,CORRETAGEM,"           16.152,45 C", R$ -   , R$ -   ,-,"           16.152,45 C",-
4.1.1.01.010,GERENCIAMENTO PREDIAL,"          565.827,20 C", R$ -   ," R$ 55,020.80 ","           55.020,80 C","          620.848,00 C",-
4.1.2,(-) DEDUÇÕES DA RECEITA BRUTA,"          276.074,10 D"," R$ 31,548.42 ", R$ -   ,"           31.548,42 D","          307.622,52 D",-
4.1.2.03,(-) IMPOSTOS SOBRE VENDAS E SERVIÇOS,"          276.074,10 D"," R$ 31,548.42 ", R$ -   ,"           31.548,42 D","          307.622,52 D",-
4.1.2.03.001,(-) ISS,"           96.690,19 D"," R$ 11,069.62 ", R$ -   ,"           11.069,62 D","          107.759,81 D",-
4.1.2.03.002,(-) COFINS,"          147.450,00 D"," R$ 16,825.83 ", R$ -   ,"           16.825,83 D","          164.275,83 D",-
4.1.2.03.003,(-) PIS,"           31.933,91 D"," R$ 3,652.97 ", R$ -   ,"            3.652,97 D","           35.586,88 D",-
4.2,RECEITAS NÃO OPERACIONAIS,"            7.780,42 C", R$ -   ," R$ 3,747.45 ","            3.747,45 C","           11.527,87 C",-
4.2.1,RECEITAS NÃO OPERACIONAIS,"            7.780,42 C", R$ -   ," R$ 3,747.45 ","            3.747,45 C","           11.527,87 C",-
4.2.1.01,RECEITAS FINANCEIRAS,"            7.780,42 C", R$ -   ," R$ 3,747.45 ","            3.747,45 C","           11.527,87 C",-
4.2.1.01.001,RENDIMENTOS S/ APLICAÇÕES,"            7.732,91 C", R$ -   ," R$ 3,747.45 ","            3.747,45 C","           11.480,36 C",-
4.2.1.01.002,JUROS RECEBIDOS OU AUFERIDOS,"                0,01 C", R$ -   , R$ -   ,-,"                0,01 C",-
4.2.1.01.007,VARIACAO CAMBIAL ATIVA,"               47,50 C", R$ -   , R$ -   ,-,"               47,50 C",-
-,-,-,-,-,-,-,-
,-,-,-,-,-,-,-
T O T A I S  D O  G R U P O (  ),-,-," R$ 3,368,691.60 "," R$ 3,368,691.60 ",-,-,-
